Name,Sequence,Length_AA,Length_BP,Binder,Binder_Length,Score,CapTrunc_Driver
OPR-HAT-01_pep9s5,MTPRKPSDAGLVRAAEKAAAGGSGGSLERIEKNFVITDPRLPDNPIIFASDSFLQLTEYSREEILGRNCRFLQGPETDRATVRKIRDAIDNQTEVTVQLINYTKSGKKFWNLFHLQPMRDQKGDVQYFIGVQLDGTEHVRDAAEREGEAAAKEAAAKPPPEAAAKEAAAKMQIFVKTLTGKTITLEVEPSDTIENVKAKIQDKEGIPPDQQRLIFAGKQLEDGRTLSDYNIQKESTLHLVLRLRGG,246,738,pep9s5,20,0.635,BINDER-DRIVEN
OPR-HAT-02_pep21s5,MSIGSSSSGASGSLGAVTAEDGGSGGSLERIEKNFVITDPRLPDNPIIFASDSFLQLTEYSREEILGRNCRFLQGPETDRATVRKIRDAIDNQTEVTVQLINYTKSGKKFWNLFHLQPMRDQKGDVQYFIGVQLDGTEHVRDAAEREGEAAAKEAAAKPPPEAAAKEAAAKMQIFVKTLTGKTITLEVEPSDTIENVKAKIQDKEGIPPDQQRLIFAGKQLEDGRTLSDYNIQKESTLHLVLRLRGG,247,741,pep21s5,20,0.685,MIXED
OPR-HAT-03_pep16s4,MAGMPLGGRTEEELRTSRNAAEGDAENRARSGGSGGSLERIEKNFVITDPRLPDNPIIFASDSFLQLTEYSREEILGRNCRFLQGPETDRATVRKIRDAIDNQTEVTVQLINYTKSGKKFWNLFHLQPMRDQKGDVQYFIGVQLDGTEHVRDAAEREGEAAAKEAAAKPPPEAAAKEAAAKMQIFVKTLTGKTITLEVEPSDTIENVKAKIQDKEGIPPDQQRLIFAGKQLEDGRTLSDYNIQKESTLHLVLRLRGG,257,771,pep16s4,30,0.649,MIXED
OPR-HAT-04_pep11s1,MSSRPNPPRLDARIEESRAGLGGSGGSLERIEKNFVITDPRLPDNPIIFASDSFLQLTEYSREEILGRNCRFLQGPETDRATVRKIRDAIDNQTEVTVQLINYTKSGKKFWNLFHLQPMRDQKGDVQYFIGVQLDGTEHVRDAAEREGEAAAKEAAAKPPPEAAAKEAAAKMQIFVKTLTGKTITLEVEPSDTIENVKAKIQDKEGIPPDQQRLIFAGKQLEDGRTLSDYNIQKESTLHLVLRLRGG,247,741,pep11s1,20,0.640,MIXED
OPR-HAT-05_pep37s3,METPADRDAAGGRAAAARLNLGGSGGSLERIEKNFVITDPRLPDNPIIFASDSFLQLTEYSREEILGRNCRFLQGPETDRATVRKIRDAIDNQTEVTVQLINYTKSGKKFWNLFHLQPMRDQKGDVQYFIGVQLDGTEHVRDAAEREGEAAAKEAAAKPPPEAAAKEAAAKMQIFVKTLTGKTITLEVEPSDTIENVKAKIQDKEGIPPDQQRLIFAGKQLEDGRTLSDYNIQKESTLHLVLRLRGG,247,741,pep37s3,20,0.629,MIXED
OPR-HAT-06_pep41s5,MDDVERGRAAGAAGTGARGEFGGSGGSLERIEKNFVITDPRLPDNPIIFASDSFLQLTEYSREEILGRNCRFLQGPETDRATVRKIRDAIDNQTEVTVQLINYTKSGKKFWNLFHLQPMRDQKGDVQYFIGVQLDGTEHVRDAAEREGEAAAKEAAAKPPPEAAAKEAAAKMQIFVKTLTGKTITLEVEPSDTIENVKAKIQDKEGIPPDQQRLIFAGKQLEDGRTLSDYNIQKESTLHLVLRLRGG,247,741,pep41s5,20,0.601,MIXED
OPR-HAT-07_pep19s2,MATVADPESGGSAVTAGAPVEGGSGGSLERIEKNFVITDPRLPDNPIIFASDSFLQLTEYSREEILGRNCRFLQGPETDRATVRKIRDAIDNQTEVTVQLINYTKSGKKFWNLFHLQPMRDQKGDVQYFIGVQLDGTEHVRDAAEREGEAAAKEAAAKPPPEAAAKEAAAKMQIFVKTLTGKTITLEVEPSDTIENVKAKIQDKEGIPPDQQRLIFAGKQLEDGRTLSDYNIQKESTLHLVLRLRGG,247,741,pep19s2,20,0.587,MIXED
OPR-HAT-08_pep21s2,MSIGSSSSGGSGSLGSVSGSSGGSGGSLERIEKNFVITDPRLPDNPIIFASDSFLQLTEYSREEILGRNCRFLQGPETDRATVRKIRDAIDNQTEVTVQLINYTKSGKKFWNLFHLQPMRDQKGDVQYFIGVQLDGTEHVRDAAEREGEAAAKEAAAKPPPEAAAKEAAAKMQIFVKTLTGKTITLEVEPSDTIENVKAKIQDKEGIPPDQQRLIFAGKQLEDGRTLSDYNIQKESTLHLVLRLRGG,247,741,pep21s2,20,0.707,BINDER-DRIVEN
OPR-HAT-09_pep29s4,MMKVVFGGGCGIGTPISEEDIRRGNIGGKEGGAESKARSAARAAAAAAALGGSGGSLERIEKNFVITDPRLPDNPIIFASDSFLQLTEYSREEILGRNCRFLQGPETDRATVRKIRDAIDNQTEVTVQLINYTKSGKKFWNLFHLQPMRDQKGDVQYFIGVQLDGTEHVRDAAEREGEAAAKEAAAKPPPEAAAKEAAAKMQIFVKTLTGKTITLEVEPSDTIENVKAKIQDKEGIPPDQQRLIFAGKQLEDGRTLSDYNIQKESTLHLVLRLRGG,276,828,pep29s4,50,0.678,BINDER-DRIVEN
OPR-HAT-10_pep36s1,MPVLEYDESGSSGEGGLGSVGRGLVEAREGGERGEEEDRRRGGSGGSLERIEKNFVITDPRLPDNPIIFASDSFLQLTEYSREEILGRNCRFLQGPETDRATVRKIRDAIDNQTEVTVQLINYTKSGKKFWNLFHLQPMRDQKGDVQYFIGVQLDGTEHVRDAAEREGEAAAKEAAAKPPPEAAAKEAAAKMQIFVKTLTGKTITLEVEPSDTIENVKAKIQDKEGIPPDQQRLIFAGKQLEDGRTLSDYNIQKESTLHLVLRLRGG,267,801,pep36s1,40,0.511,MIXED
